Region,District, 0-28 DAYS FEMALE ,0-28 DAYS MALE,0-28 DAYS TOTAL,10-19 YEARS FEMALE ,10-19 YEARS MALE ,10-19YRS TOTAL,20+ YRS FEMALE,20+ YRS MALE ,20+ YRS TOTAL,5-9YRS FEMALE,5-9YRS MALE,5-9YRS TOTAL,29 DAYS-4YRS FEMALE,29DAYS - 4YRS MALE,29 DAYS - 4YRS TOTAL,0-28 DAYS (B/S & RDT) FEMALE,0-28 DAYS (B/S & RDT) MALE ,0-28 DAYS  (B/S & RDT) TOTAL,10-19 YRS (B/S & RDT) FEMALE ,10-19 YRS (B/S & RDT) MALE ,10-19 YRS  (B/S & RDT) TOTAL,20+  (B/S &RDT) FEMALE, 20+ (B/S & RDT) MALE ,20 + (B/S & RDT) TOTAL,29DAYS-4YRS (B/S & RDT) FEMALE ,29DAYS-4YRS (B/S & RDT) MALE  ,29DAYS-4 YRS  (B/S & RDT) TOTAL,5-9YRS (B/S & RDT) FEMALE ,5-9YRS (B/S & RDT) MALE ,5-9YRS (B/S & RDT) TOTAL,0-28 DAYS FEMALE CT,0-28 DAYS MALE  CT,0-28 DAYS TOTAL CT,10-19 YRS FEMALE CT,10-19 YRS MALE  CT,10-19 YRS CT TOTAL,20 + YRS FEMALE CT,20 + YRS  MALE CT,20 + YRS CT TOTAL,29DAYS - 4YRS FEMALE CT,29 DAYS - 4YRS MALE CT,29 DAYS - 4YRS  CT TOTAL,5-9YRS FEMALE CT,5-9YRS MALE CT,5-9YRS CT TOTAL,PREG 10-19YRS,PREG 20 + YRS,TOTAL PREG,TOTAL CASES  FEMALE,TOTAL CASES  MALE,GRAND TOTAL CASES,<5YRS FEMALES TOTAL  ,<5YRS MALE TOTAL,< 5YRS GRAND TOTAL,POPULATION IN 2014,POPULATION IN 2024,AREA(Km2),ANNUAL GROWTH RATE[Pt​=P0​×(1+r)t],TOTAL POPULATION,POPULATION DENSITY(People per km2),CORDINATES (LATITUDE ° N),CORDINATES (LONGITUDE ° E),,,
Karamoja,Abim District,12,18,30,14866,8361,23227,15518,7577,23095,7392,5695,13087,11752,10340,22092,12,17,29,14735,8130,22865,116146,114222,230368,15190,7360,22550,11514,10145,21659,7237,5636,12873,12,17,29,14458,7894,22352,14952,7274,22226,11251,31168,42419,7067,5481,12548,536,984,1520,49540,31991,81531,11764,10358,22122,107966,144084,2301,1.029278437,136003.4758,59.10624763,2.7067,33.6595
Acholi,Acholi,528,487,1015,336742,203007,539749,324222,111643,435865,156180,125614,281794,187170,174204,361374,466,410,876,326828,197006,523834,2335756,2062422,4398178,306880,105579,412459,179729,166457,346186,150715,120981,271696,464,406,870,327334,196300,523634,305604,104650,410254,179045,475696,654741,150506,120763,271269,10452,21750,32202,1004842,614955,1619797,187698,174691,362389,1500762,2044355,28522,1.031393639,1921796.575,67.37944658,,
West Nile,Adjumani District,170,162,332,68105,51850,119955,75937,29015,104952,37659,31743,69402,45574,42210,87784,170,162,332,66636,50713,117349,549734,494750,1044484,62492,28457,90949,44911,44037,88948,36418,30728,67146,170,162,332,72830,50130,122960,60722,27859,88581,44159,120479,164638,36131,30304,66435,1243,3595,4838,227445,154980,382425,45744,42372,88116,107966,144084,2301,1.029278437,136003.4758,59.10624763,3.2549,31.7195
Acholi,Agago District,24,25,49,66729,39309,106038,63923,19430,83353,25713,19917,45630,27137,25047,52184,23,22,45,66427,39161,105588,406894,356430,763324,61789,19221,81010,26946,24737,51683,25618,19859,45477,23,22,45,66145,39030,105175,61485,19145,80630,26788,74984,101772,25483,19771,45254,1510,3253,4763,183526,103728,287254,27161,25072,52233,227792,307235,3493,1.03037004,289390.4829,82.8486925,2.9251, 33.3486
Lango,Alebtong District,37,33,70,24525,11600,36125,32950,8406,41356,14516,11030,25546,21087,19353,40440,35,32,67,24524,11600,36124,204354,214798,419152,32952,8394,41346,21087,19353,40440,14516,11030,25546,35,32,67,24156,11433,35589,32709,8262,40971,20824,50983,71807,14181,10852,25033,1438,3262,4700,93115,50422,143537,21124,19386,40510,227541,283509,1534,1.022234935,271309.7571,176.8642484,2.2914,33.2139
Lango,Amolatar District,39,29,68,25155,14615,39770,25095,9230,34325,12451,10433,22884,12335,11452,23787,38,29,67,25149,14604,39753,172982,161654,334636,24992,9220,34212,12216,11452,23668,12447,10433,22880,38,29,67,25044,14566,39610,24918,9194,34112,12149,35078,47227,12401,10380,22781,728,1707,2435,75075,45759,120834,12374,11481,23855,147166,188715,1163,1.025179454,179558.7752,154.392756,1.6054,32.8084
Karamoja,Amudat District,41,25,66,3031,2584,5615,7127,2446,9573,2718,2272,4990,3831,3784,7615,31,17,48,2905,2511,5416,36138,40982,77120,6497,2292,8789,3455,3406,6861,2587,2191,4778,41,22,63,2791,2401,5192,6110,2193,8303,3259,9107,12366,2470,2053,4523,117,466,583,16748,11111,27859,3872,3809,7681,105769,203358,1616,1.067555067,178435.2646,110.4178618,1.7916,34.9066
Teso,Amuria District,21,22,43,26514,13970,40484,29028,9575,38603,12123,9153,21276,11283,10812,22095,21,20,41,26509,13939,40448,167720,164094,331814,29128,9568,38696,11276,10812,22088,12092,9131,21223,20,20,40,26242,13771,40013,28877,9522,38399,11206,33447,44653,12004,9060,21064,808,1643,2451,78969,43532,122501,11304,10834,22138,183348,251653,1383,1.032173235,236209.2633,170.7948397,2.0302,33.6428
Acholi,Amuru District,33,31,64,35650,19142,54792,33684,12328,46012,17436,13288,30724,21773,19807,41580,31,30,61,34679,18759,53438,251606,229416,481022,32197,12009,44206,21278,19198,40476,17007,12957,29964,32,30,62,34625,18756,53381,32426,12002,44428,21008,55032,76040,17007,12931,29938,1054,1930,2984,108576,64596,173172,21806,19838,41644,186696,247574,3619,1.028624826,233986.623,64.65504917,3.1042,32.0837
Ankole,Ankole,1068,960,2028,122578,104334,226912,178923,116029,294952,60072,50931,111003,54883,49542,104425,1050,934,1984,115654,99433,215087,864998,936606,1801604,162090,104303,266393,50043,45214,95257,56583,48116,104699,1026,928,1954,116800,99887,216687,167291,108862,276153,51948,228777,280725,57456,48767,106223,1578,5643,7221,417524,321796,739320,55951,50502,106453,2895631,3608968,15067,1.022266152,3453465.076,229.2072129,,
Lango,Apac District,28,41,69,31026,17233,48259,33367,14279,47646,11887,9089,20976,13476,12223,25699,28,38,66,30924,17172,48096,189674,186942,376616,33069,13886,46955,13397,12119,25516,11858,9076,20934,28,38,66,30649,17027,47676,32685,13773,46458,13275,42289,55564,11762,8976,20738,1250,2458,3708,89784,52865,142649,13504,12264,25768,185322,221962,1783,1.018204859,214095.8747,120.0762057,1.8445,32.4014
West Nile,Arua City,82,58,140,14319,8357,22676,22166,11582,33748,7038,5689,12727,8422,8439,16861,70,49,119,13561,7549,21110,101634,114552,216186,20188,10228,30416,7696,7623,15319,6361,5068,11429,64,48,112,13806,8064,21870,21598,11366,32964,8425,30762,39187,6745,5371,12116,1220,3087,4307,52027,34125,86152,8504,8497,17001,309052,384656,404,1.022125199,368183.4989,911.3452943,3.0274,30.9071
West Nile,Arua District,9,4,13,9252,5124,14376,6966,2872,9838,3969,,7092,3646,3368,7014,9,4,13,9180,5069,14249,53613,47130,100743,6841,2815,9656,3601,3309,6910,3927,3059,6986,9,4,13,8971,5000,13971,6843,2819,9662,3599,10421,14020,3883,3042,6925,219,437,656,23842,14491,38333,3655,3372,7027,133534,159722,800,1.018069175,154102.67,192.6283375,3.0018,30.9876
Bukedi,Budaka District,39,19,58,27195,13972,41167,35869,10213,46082,20956,16406,37362,30450,27405,57855,41,19,60,27198,13954,41152,272858,283788,556646,35851,10208,46059,30315,28250,58565,20877,16338,37215,38,17,55,26234,13352,39586,34437,9899,44336,28867,69840,98707,19935,15661,35596,1910,4335,6245,114509,68015,182524,30489,27424,57913,207597,281537,410,1.030935371,264894.2904,646.0836351,1.1005,34.0196
Bugisu,Bududa District,6,2,8,5209,3919,9128,7068,4238,11306,2448,2016,4464,2652,2482,5134,6,2,8,5209,3919,9128,37468,41802,79270,7066,4235,11301,2653,2481,5134,2442,2016,4458,6,2,8,5056,3805,8861,6881,4100,10981,2595,9670,12265,2368,1950,4318,334,717,1051,17383,12657,30040,2658,2484,5142,210173,26897,318,0.814165494,40576.8621,127.6001953,1.003,34.3338
Busoga,Bugiri District,71,46,117,26836,15401,42237,41132,14241,55373,23628,19191,42819,30692,28567,59259,71,46,117,26664,15531,42195,288780,312828,601608,40725,14091,54816,30512,28383,58895,23519,19067,42586,71,46,117,26680,15335,42015,40813,14114,54927,30495,78846,109341,23459,19050,42509,2505,3281,5786,122359,77446,199805,30763,28613,59376,382913,480345,1033,1.022928589,459052.8011,444.3879972,0.5316, 33.7518
Bugisu,Bugisu,129,84,213,71866,54837,126703,123027,68812,191839,39830,33250,73080,54713,47488,102201,123,114,237,69371,49164,118535,588106,707024,1295130,116185,65147,181332,52723,45777,98500,38371,35124,73495,119,66,185,67980,48131,116111,113967,64067,178034,51729,175702,227431,37455,34187,71642,4867,9178,14045,289565,204471,494036,54842,47572,102414,1469892,1827757,2447,1.022029197,1749813.851,715.0853498,1.0783,34.1737
Busoga,Bugweri District,152,156,308,14011,8785,22796,22661,8979,31640,10479,8668,19147,13869,12502,26371,152,156,308,14045,8674,22719,137090,151808,288898,22116,8772,30888,13568,12235,25803,10333,8557,18890,159,164,323,13522,8514,22036,21601,8652,30253,13365,37025,50390,10127,8360,18487,908,1815,2723,61172,39090,100262,14021,12658,26679,164886,211511,302,1.025214919,201234.8171,666.340454,0.6116,33.5952
Ankole,Buhweju District,1,0,1,830,820,1650,1191,922,2113,552,368,920,403,338,741,1,0,1,809,815,1624,6572,7302,13874,1137,901,2038,377,325,702,545,365,910,1,0,1,795,811,1606,1114,874,1988,375,1728,2103,544,362,906,7,52,59,2977,2448,5425,404,338,742,12072,167921,751,1.301165617,99183.59711,132.0687045,0.3558,30.3897
North Central,Buikwe District,76,61,137,20672,16160,36832,30087,20703,50790,14009,11792,25801,15731,14185,29916,46,48,94,19713,15540,35253,182128,202798,384926,28285,19889,48174,14924,13513,28437,13420,11273,24693,48,47,95,19678,15504,35182,28070,19819,47889,14883,52093,66976,13417,11275,24692,1077,2773,3850,80575,62901,143476,15807,14246,30053,422771,520158,1270,1.020946558,499032.9978,392.9393684,0.2827, 33.0339
Teso,Bukedea District,131,83,214,21816,10702,32518,30448,10575,41023,11355,7891,19246,13957,11909,25866,123,75,198,21666,10640,32306,155232,170550,325782,29897,10411,40308,13882,11761,25643,11284,7851,19135,116,73,189,21552,10525,32077,29736,10297,40033,13588,39497,53085,11138,7758,18896,1101,2723,3824,77707,41160,118867,14088,11992,26080,203600,282864,1032,1.033427444,264860.8067,256.6480685,1.3557,34.1087
Bukedi,Bukedi,820,647,1467,240021,137378,377399,308603,103104,411707,170583,136474,307057,224668,198757,423425,820,637,1457,231848,132100,363948,2191774,2258194,4449968,300674,100307,400981,234385,194815,429200,165564,131923,297487,797,632,1429,232613,133033,365646,300107,100035,400142,216587,554429,771016,165707,131996,297703,11132,23134,34266,944695,576360,1521055,225488,199404,424892,1881415,2372489,4504,1.023462561,2264958.695,502.8771526,,
South Central,Bukomansimbi District,3,3,6,7472,6553,14025,7239,4282,11521,4668,4435,9103,4320,4251,8571,3,4,7,7377,6483,13860,63082,57390,120472,7103,4229,11332,4245,4177,8422,4557,4368,8925,12,4,16,7442,6532,13974,7134,4254,11388,4334,13774,18108,4642,4422,9064,152,499,651,23702,19524,43226,4323,4254,8577,151413,197568,600,1.026964294,187329.3886,312.2156476,0.1433,31.6055
Bugisu,Bukwo District,1,1,2,2482,2246,4728,3719,2992,6711,1498,1345,2843,1371,1218,2589,1,1,2,2375,2179,4554,19976,23230,43206,3527,2872,6399,1313,1167,2480,1435,1299,2734,1,1,2,2328,2130,4458,3395,2808,6203,1293,5722,7015,1411,1274,2685,61,136,197,9071,7802,16873,1372,1219,2591,89356,114396,525,1.025011439,108881.3295,207.3930085,1.2819,34.7299
Bugisu,Bulambuli District,5,12,17,6948,4616,11564,10858,5593,16451,3283,2528,5811,4376,3968,8344,5,12,17,6507,4338,10845,50034,56974,107008,10024,5176,15200,4095,3721,7816,3071,2383,5454,5,12,17,6565,4300,10865,10078,5243,15321,4133,14219,18352,3088,2404,5492,418,878,1296,25470,16717,42187,4381,3980,8361,174513,235391,695,1.030377121,221716.2068,319.016125,1.4815,34.2866
Bunyoro,Buliisa District,5,1,6,14513,8923,23436,16989,6055,23044,8917,7162,16079,12980,11908,24888,5,1,6,14058,8588,22646,127238,116702,243940,13059,5648,18707,12467,11569,24036,8622,6980,15602,5,1,6,14017,8594,22611,13213,5761,18974,12517,31674,44191,8577,6853,15430,959,2034,2993,53404,34049,87453,12985,11909,24894,113161,167894,1367,1.040240696,155155.6147,113.5008154,1.8992,31.3542
Tooro,Bundibugyo District,27,26,53,24112,13528,37640,37753,18180,55933,14843,10860,25703,18800,16918,35718,25,26,51,24064,13480,37544,198032,234680,432712,37823,18191,56014,18796,16908,35704,14845,10727,25572,25,25,50,23795,13426,37221,37641,18094,55735,18723,57347,76070,14784,10786,25570,849,1526,2375,95535,59512,155047,18827,16944,35771,224387,264778,850,1.016689692,256156.3087,301.3603632,0.6852, 30.0203
Tooro,Bunyangabu District,15,17,32,5293,4807,10100,8348,6462,14810,3040,2626,5666,3276,2746,6022,14,16,30,4946,4599,9545,42526,47630,90156,7469,5781,13250,2707,2533,5240,2834,2461,5295,14,16,30,4667,4318,8985,6918,5337,12255,2569,10891,13460,2653,2317,4970,128,321,449,19972,16658,36630,3291,2763,6054,170247,219012,466,1.025507508,208252.4994,446.8937756,0.4871,30.2051
Bunyoro,Bunyoro,235,171,406,127019,88387,215406,150696,77517,228213,71419,59188,130607,101484,94635,196119,199,118,317,121838,84868,206706,1067498,1053258,2120756,137675,71314,208989,96978,90639,187617,72825,56864,129689,205,129,334,120920,85155,206075,137801,71343,209144,97134,274516,371650,68707,56881,125588,9069,19136,28205,450853,319898,770751,101719,94806,196525,2028545,2792732,16580,1.032486689,2619752.952,158.0068125,,
Ankole,Bushenyi District,0,2,2,6711,6475,13186,8882,6236,15118,2752,2461,5213,2278,2192,4470,0,2,2,6503,6273,12776,44922,47524,92446,8472,5990,14462,2161,2094,4255,2662,2381,5043,0,2,2,6426,6202,12628,8425,5971,14396,2141,10978,13119,2625,2354,4979,71,349,420,20623,17366,37989,2278,2194,4472,234443,283392,845,1.019142779,272845.9571,322.8946238,0.4875,30.1127
Bukedi,Busia District,113,90,203,31902,20991,52893,49843,21126,70969,20491,16546,37037,31491,27893,59384,112,89,201,31028,20362,51390,296024,325864,621888,47811,20975,68786,30683,27129,57812,19962,16174,36136,109,89,198,30454,20165,50619,47136,20152,67288,30158,84401,114559,19714,15869,35583,1696,2913,4609,133840,86646,220486,31604,27983,59587,323662,412671,729,1.024592621,393098.6053,539.2299113,0.4045,34.0196
Busoga,Busoga,937,689,1626,269682,159217,428899,454551,200937,655488,190059,149224,339283,293163,257061,550224,852,635,1487,264580,155486,420066,2622120,3019352,5641472,441143,193242,634385,288289,252510,540799,186708,146314,333022,842,628,1470,266197,152305,418502,430634,188304,618938,283310,791380,1074690,182743,144722,327465,25040,50443,75483,1208392,767128,1975520,294100,257750,551850,3583196,4363295,9443,1.019892507,4194747.019,444.2176235,,
Bukedi,Butaleja District,315,258,573,31266,16576,47842,42053,13840,55893,24804,19747,44551,31893,28217,60110,309,252,561,29618,16202,45820,302084,314972,617056,40973,13531,54504,31129,27567,58696,24358,19367,43725,309,252,561,29030,15961,44991,42143,13413,55556,30598,77997,108595,23795,18897,42692,1289,2812,4101,130331,78638,208969,32208,28475,60683,244153,312771,655,1.025076887,297655.2835,454.4355474,,
South Central,Butambala District,4,3,7,10167,9838,20005,9346,5890,15236,5240,5399,10639,4087,5427,9514,4,3,7,9949,9656,19605,79530,65350,144880,8973,5705,14678,3879,3716,7595,5141,5254,10395,4,3,7,9511,9241,18752,9644,5505,15149,3724,13788,17512,4926,5044,9970,135,472,607,28844,26557,55401,4091,5430,9521,10084,146516,405,1.306848434,85789.59355,211.8261569,0.1742,32.1065
Bukedi,Butebo District,22,19,41,15890,8270,24160,18175,5782,23957,9867,7394,17261,11639,10355,21994,21,19,40,15829,8227,24056,126702,125548,252250,18062,5723,23785,11567,10259,21826,9804,7330,17134,12,17,29,15385,8046,23431,17067,5505,22572,10998,28576,39574,9408,6952,16360,381,713,1094,55593,31820,87413,11661,10374,22035,111762,171433,236,1.043710436,157374.5036,666.8411168,1.2393,33.83
North Central,Buvuma District,11,4,15,3785,2485,6270,7435,3957,11392,2545,2175,4720,4273,3994,8267,11,4,15,3776,2484,6260,38524,48506,87030,7385,3941,11326,4243,3967,8210,2536,2166,4702,11,4,15,3736,2440,6176,7281,3820,11101,4200,12730,16930,2504,2135,4639,272,570,842,18049,12615,30664,4284,3998,8282,8989,110832,296,1.285568963,67061.67743,226.559721,0.3765,33.2588
Busoga,Buyende District,80,67,147,12886,7404,20290,22487,9482,31969,9774,7711,17485,17030,15367,32397,80,67,147,12883,7401,20284,140626,161056,301682,21150,9480,30630,17013,15262,32275,9767,7709,17476,80,67,147,12853,7475,20328,21089,9425,30514,16996,45182,62178,9747,7692,17439,3746,6747,10493,62257,40031,102288,17110,15434,32544,323067,403486,1379,1.022477093,385941.3361,279.8704395,1.2414,33.1239
Lango,Dokolo District,12,6,18,35841,18161,54002,37959,10652,48611,17756,13205,30961,22643,20106,42749,12,6,18,35247,17834,53081,253618,240620,494238,37226,10439,47665,22327,19819,42146,17492,12990,30482,11,6,17,35513,18061,53574,37620,10578,48198,22599,57497,80096,17711,13167,30878,1611,2927,4538,114211,62130,176341,22655,20112,42767,183093,215625,1004,1.016489126,208686.1554,207.8547364,1.9131,33.1717
Tooro,Fort Portal City,9,11,20,2428,2174,4602,4561,3594,8155,1431,1256,2687,1645,1428,3073,9,11,20,2315,2098,4413,20386,26426,46812,4362,3451,7813,1546,1348,2894,1331,1155,2486,9,11,20,2192,2092,4284,4186,3335,7521,1494,6743,8237,1271,1157,2428,34,222,256,10074,8463,18537,1654,1439,3093,10224,137549,127,1.296831825,81788.09976,644.0007855,0.6546,30.2801
South Central,Gomba District,1,2,3,7088,5965,13053,8773,6346,15119,4161,3630,7791,3398,3060,6458,1,2,3,6500,5522,12022,52548,53246,105794,7889,5589,13478,3115,2838,5953,3824,3365,7189,1,2,3,6835,5771,12606,8519,6037,14556,3281,13524,16805,3991,3493,7484,156,686,842,23421,19003,42424,3399,3062,6461,159922,19912,1670,0.811933886,30204.63204,18.08660601,0.223,31.6739
Acholi,Gulu City,99,102,201,14314,9939,24253,22994,12309,35303,9441,8167,17608,12208,12172,24380,60,53,113,12343,8378,20721,125644,119982,245626,17863,9566,27429,9367,9129,18496,7545,6415,13960,57,49,106,12043,8204,20247,16684,9117,25801,9268,28710,37978,7316,6223,13539,923,1963,2886,59056,42689,101745,12307,12274,24581,185042,233271,222,1.023432122,222711.5106,1003.205003,2.7743,32.2882
Acholi,Gulu District,26,20,46,24128,12627,36755,23810,8662,32472,12223,9128,21351,14143,12638,26781,24,20,44,21835,11390,33225,162802,144546,307348,21246,7607,28853,12693,11446,24139,11005,8230,19235,26,20,46,23353,12067,35420,22774,7956,30730,13580,36063,49643,11852,8829,20681,1000,2030,3030,74330,43075,117405,14169,12658,26827,108428,135373,1721,1.022442893,129495.278,75.24420567,2.955,32.4467
Bunyoro,Hoima City,2,3,5,4027,3314,7341,7300,4783,12083,2125,1861,3986,2804,2706,5510,2,2,4,3566,2866,6432,31864,35404,67268,6015,3657,9672,2359,2259,4618,1781,1623,3404,6,2,8,3672,2955,6627,6398,4033,10431,2492,9454,11946,1864,1692,3556,88,255,343,16258,12667,28925,2806,2709,5515,100099,143304,227,1.036532342,133380.5789,587.5796428,1.4274,31.3484
Bunyoro,Hoima District,5,1,6,8009,5890,13899,8558,4701,13259,4653,3921,8574,6091,5465,11556,5,1,6,7971,5867,13838,67948,66432,134380,8524,4640,13164,6065,5448,11513,4640,3894,8534,4,1,5,7978,5869,13847,9039,4650,13689,6075,17360,23435,4647,3908,8555,1014,1774,2788,27316,19978,47294,6096,5466,11562,205432,257544,1341,1.022865037,246158.4611,183.5633565,1.6343,31.171
Ankole,Ibanda District,44,37,81,25869,20853,46722,43784,28052,71836,11541,9688,21229,9624,8451,18075,41,22,63,21892,17921,39813,158360,186468,344828,36481,23358,59839,8122,7071,15193,9815,8317,18132,42,28,70,23530,19189,42719,39310,24895,64205,8584,45094,53678,10516,8890,19406,284,971,1255,90862,67081,157943,9668,8488,18156,249625,309466,622,1.021721392,296447.6205,476.6038915,0.0966,30.4818
Busoga,Iganga District,31,18,49,37129,23242,60371,61259,29067,90326,23401,18674,42075,32101,28853,60954,21,11,32,36001,22064,58065,322252,374460,696712,59565,27735,87300,31258,28025,59283,22633,17984,40617,19,11,30,42882,21702,64584,56703,26586,83289,30476,91983,122459,21900,17378,39278,2042,4991,7033,153921,99854,253775,32132,28871,61003,339311,426958,633,1.023242857,407781.6813,644.2048678,0.7236,33.4832
Ankole,Isingiro District,923,852,1775,29730,23262,52992,45359,28736,74095,16844,12907,29751,18669,16802,35471,923,852,1775,28925,22870,51795,237584,256658,494242,41327,24732,66059,16859,15145,32004,16127,12390,28517,908,841,1749,29471,23077,52548,45094,28608,73702,18730,70818,89548,16761,12859,29620,433,1291,1724,111525,82559,194084,19592,17654,37246,486360,635077,2536,1.027038806,602077.8881,237.4124164,0.8435,30.8039
Busoga,Jinja City,50,43,93,11497,7929,19426,22319,13215,35534,6943,6012,12955,9296,8623,17919,37,34,71,9918,6839,16757,95404,107640,203044,18027,9203,27230,8018,7389,15407,5978,5153,11131,28,24,52,9254,6423,15677,17081,8945,26026,7561,25370,32931,5588,4825,10413,501,1414,1915,50105,35822,85927,9346,8666,18012,247074,279184,179,1.012293266,272444.3648,1522.035558,0.5349,33.2139
Busoga,Jinja District,58,51,109,16626,10774,27400,28444,14840,43284,11220,9066,20286,17473,14850,32323,28,21,49,15540,10085,25625,156566,179364,335930,26031,13749,39780,16526,14030,30556,10665,8633,19298,28,20,48,14915,9662,24577,24903,13061,37964,15835,46917,62752,10222,8208,18430,883,1659,2542,73821,49581,123402,17531,14901,32432,224168,280905,499,1.022818525,268511.1342,538.0984653,0.5349,33.2139
Karamoja,Kaabong District,58,59,117,6555,4678,11233,12656,6552,19208,3969,3253,7222,11895,11607,23502,58,50,108,6519,4619,11138,83940,98990,182930,12468,6482,18950,11776,11549,23325,3841,3271,7112,58,50,108,6453,4636,11089,12333,6448,18781,11613,30781,42394,3802,3241,7043,162,1027,1189,35133,26149,61282,11953,11666,23619,116646,264631,4751,1.085368184,224639.7176,47.28261789,3.5696,34.242
Kigezi,Kabale District,13,1,14,986,1050,2036,2969,3188,6157,587,503,1090,777,707,1484,1,1,2,582,673,1255,7662,11658,19320,1989,2513,4502,379,385,764,284,277,561,1,1,2,566,650,1216,1913,2431,4344,369,3495,3864,274,269,543,6,38,44,5332,5449,10781,790,708,1498,230609,285588,561,1.021612905,273632.2078,487.7579462,1.3505,30.0203
Tooro,Kabarole District,22,24,46,6806,5873,12679,13313,10187,23500,4066,3857,7923,4103,3712,7815,15,11,26,5590,4929,10519,52566,64310,116876,10724,8376,19100,3274,2952,6226,3427,3376,6803,15,11,26,5559,4913,10472,10717,8477,19194,3223,15439,18662,3367,3303,6670,89,269,358,28310,23653,51963,4125,3736,7861,196749,230368,1184,1.015900003,223213.3823,188.5248161,0.6833, 30.2974
Teso,Kaberamaido District,10,10,20,22616,13841,36457,21356,7639,28995,11787,9333,21120,11444,10132,21576,8,10,18,21440,13067,34507,154442,135348,289790,19502,7252,26754,10898,9598,20496,11425,8982,20407,7,10,17,30111,13237,43348,19641,7334,26975,10920,30627,41547,11573,9089,20662,698,1514,2212,67213,40955,108168,11454,10142,21596,105152,140986,689,1.02975959,132954.885,192.9679028,1.6325, 33.1239
Bunyoro,Kagadi District,47,38,85,16364,10586,26950,20845,11151,31996,8507,6571,15078,9744,8772,18516,35,28,63,15572,10305,25877,119068,124600,243668,19698,10472,30170,9362,8267,17629,8164,6272,14436,37,28,65,15108,10029,25137,19071,10102,29173,9236,29189,38425,7978,6161,14139,914,1924,2838,55507,37118,92625,9791,8810,18601,351033,471111,1420,1.029858434,444189.3943,312.8094326,0.95,30.8
Bunyoro,Kakumiro District,32,33,65,19801,13289,33090,23168,10312,33480,10295,8698,18993,14017,12356,26373,32,13,45,19258,12973,32231,155284,150514,305798,21565,9842,31407,13396,11888,25284,10136,8387,18523,31,12,43,19013,13041,32054,21149,10049,31198,13336,37800,51136,10123,8490,18613,1067,3394,4461,67313,44688,112001,14049,12389,26438,293108,428176,1701,1.038626657,396920.3732,233.3453105,1.0028,31.3084
Teso,Kalaki District,13,12,25,15709,8681,24390,14927,4731,19658,8402,6810,15212,9215,8448,17663,13,12,25,15709,8681,24390,114580,105116,219696,14927,4731,19658,9215,8448,17663,8402,6810,15212,13,12,25,15706,8679,24385,14908,4726,19634,9212,24305,33517,8393,6804,15197,445,769,1214,48266,28682,76948,9228,8460,17688,109874,149736,658,1.031438004,140747.2665,213.9016208,,
South Central,Kalangala District,6,5,11,1117,994,2111,2815,2798,5613,718,691,1409,943,1033,1976,6,5,11,1079,958,2037,10866,17378,28244,2696,2709,5405,915,1009,1924,691,657,1348,6,6,12,1103,992,2095,2726,2700,5426,924,4953,5877,712,695,1407,38,300,338,5599,5521,11120,949,1038,1987,54293,74411,452,1.03202289,69864.80974,154.5681632,0.6351,32.5373
Busoga,Kaliro District,117,80,197,14846,8641,23487,32188,15516,47704,10425,7717,18142,21651,18902,40553,113,77,190,14834,8631,23465,164700,212924,377624,32169,15490,47659,21642,18851,40493,10417,7703,18120,113,77,190,14681,8553,23234,31917,15309,47226,21560,61437,82997,10358,7664,18022,2841,5567,8408,79227,50856,130083,21768,18982,40750,286397,236199,779,0.980914059,245480.0124,315.1219672,0.8927,33.5028
South Central,Kalungu District,25,19,44,9778,9093,18871,8432,5243,13675,5287,5561,10848,4426,4637,9063,25,17,42,9604,11320,20924,81754,64280,146034,7999,4994,12993,4227,4400,8627,5087,5391,10478,25,17,42,9835,8777,18612,7907,4906,12813,4208,14140,18348,5094,5365,10459,246,827,1073,27948,24553,52501,4451,4656,9107,174368,221569,790,1.024245869,211203.2298,267.3458605,0.0953,31.7651
Kampala,Kampala,1334,1237,2571,30431,25925,56356,74702,64028,138730,23737,22700,46437,27154,26304,53458,492,413,905,20922,17823,38745,279090,300838,579928,45190,41783,86973,16937,16085,33022,15108,14440,29548,479,397,876,19823,17306,37129,44825,41659,86484,16813,80338,97151,14830,14033,28863,1085,3879,4964,157358,140194,297552,28488,27541,56029,1507080,1797722,195,1.017791039,1735422.756,8899.603876,0.3152,32.5816
Kampala,Kampala District,1334,1237,2571,30431,25925,56356,74702,64028,138730,23737,22700,46437,27154,26304,53458,492,413,905,20922,17823,38745,279090,300838,579928,45190,41783,86973,16937,16085,33022,15108,14440,29548,479,397,876,19823,17306,37129,44825,41659,86484,16813,80338,97151,14830,14033,28863,1085,3879,4964,157358,140194,297552,28488,27541,56029,1507080,1797722,195,1.017791039,1735422.756,8899.603876,0.3152,32.5816
Busoga,Kamuli District,240,119,359,43916,25789,69705,70570,31099,101669,29392,22370,51762,52063,43886,95949,213,116,329,43598,25489,69087,434254,493466,927720,69445,30719,100164,51666,43570,95236,28992,22016,51008,209,116,325,42457,24788,67245,67738,29806,97544,50813,137903,188716,28287,21714,50001,4040,8197,12237,196181,123263,319444,52303,44005,96308,486319,540252,1515,1.01057259,529006.9212,349.1794859,0.9187,33.1239
Tooro,Kamwenge District,22,15,37,32531,20056,52587,40734,19931,60665,15678,12312,27990,19722,18270,37992,22,15,37,29978,19548,49526,231090,242988,474078,38413,19508,57921,19131,17312,36443,15206,11887,27093,22,15,37,29715,19442,49157,38584,18874,57458,19870,61984,81854,15094,11939,27033,769,2416,3185,108687,70584,179271,19744,18285,38029,270668,337167,1695,1.022211623,322673.5983,190.3679046,0.2903,30.574
Kigezi,Kanungu District,19,20,39,12599,10652,23251,16858,11075,27933,5889,5111,11000,5986,5104,11090,19,20,39,12229,10323,22552,89362,95684,185046,15984,10616,26600,5691,4855,10546,5715,4964,10679,8,9,17,11893,10089,21982,15609,10422,26031,5534,22910,28444,5585,4829,10414,236,635,871,41351,31962,73313,6005,5124,11129,252144,310062,1275,1.020892447,297501.0911,233.3341891,0.8195, 29.7426
Bugisu,Kapchorwa District,8,3,11,1657,1337,2994,2551,1648,4199,758,602,1360,644,590,1234,4,1,5,1616,1312,2928,11054,13122,24176,2431,1591,4022,628,574,1202,745,587,1332,4,1,5,1606,1380,2986,2405,1583,3988,627,3027,3654,731,584,1315,15,42,57,5618,4180,9798,652,593,1245,105186,133621,212,1.024216287,127377.1015,600.8353844,1.3514,34.3754
Teso,Kapelebyong District,3,9,12,13315,6226,19541,15084,4585,19669,5247,3672,8919,4026,3682,7708,3,9,12,13310,6226,19536,72350,72602,144952,15084,4585,19669,4026,3679,7705,5243,3672,8915,3,9,12,13115,6165,19280,14671,4515,19186,3972,13090,17062,5188,3630,8818,537,1068,1605,37675,18174,55849,4029,3691,7720,87580,143536,1203,1.050644012,130031.8255,108.0896305,2.211,33.7518
Karamoja,Karamoja,321,334,655,61670,40391,102061,100846,51330,152176,40729,33445,74174,102965,94338,197303,246,256,502,60124,39405,99529,743016,815284,1558300,95037,48195,143232,100218,91664,191882,39489,32522,72011,257,260,517,59094,38725,97819,93567,48076,141643,98595,255056,353651,38755,31837,70592,2644,7403,10047,306531,219838,526369,103286,94672,197958,965010,1496117,27407,1.044824564,1370499.271,50.00544647,2.8309,34.1532
Karamoja,Karenga District,2,1,3,5810,3762,9572,8350,3591,11941,2597,2140,4737,4906,4671,9577,1,1,2,5779,3744,9523,47678,51930,99608,8231,3533,11764,4879,4564,9443,2589,2167,4756,1,1,2,5460,3566,9026,7863,3412,11275,4675,13277,17952,2504,2027,4531,273,760,1033,21665,14165,35830,4908,4672,9580,51233,100375,25702,1.069565971,87742.58075,3.413842532,3.5691,33.6931
Tooro,Kasese District,122,72,194,42728,37072,79800,67237,40941,108178,19512,16971,36483,20356,19257,39613,103,61,164,41148,35572,76720,305960,338630,644590,57924,38585,96509,19357,18310,37667,18679,16261,34940,110,89,199,41462,35828,77290,58379,39526,97905,19324,81876,101200,18774,16702,35476,833,1633,2466,149955,114313,264268,20478,19329,39807,694987,853831,2795,1.020797326,819394.1729,293.1642837,0.1699, 30.0781
North Central,Kassanda District,29,15,44,9957,7586,17543,15081,8629,23710,6456,5646,12102,7200,6815,14015,29,15,44,9826,7491,17317,86956,98322,185278,14883,8459,23342,7113,6736,13849,6366,5560,11926,29,15,44,9448,11119,20567,14433,8232,22665,6897,22953,29850,6145,5373,11518,702,2407,3109,38723,28691,67414,7229,6830,14059,271544,314008,1819,1.014635493,305014.589,167.6825668,0.5761,31.7195
Teso,Katakwi District,15,6,21,33820,21244,55064,33317,150876,184193,17258,13539,30797,17619,15920,33539,15,6,21,33915,21161,55076,238866,225168,464034,33470,14859,48329,17571,15870,33441,17257,13535,30792,16,6,22,33206,20796,54002,32994,14665,47659,17265,51840,69105,16877,13221,30098,1837,4785,6622,102029,201585,303614,17634,15926,33560,166231,234332,2306,1.03493234,218780.0327,94.87425528,1.9142,33.9583
North Central,Kayunga District,74,48,122,15852,10726,26578,19836,11248,31084,10176,8415,18591,13889,13168,27057,74,48,122,15825,10716,26541,144622,152430,297052,19611,11004,30615,13799,13104,26903,10155,8420,18575,74,48,122,15260,10357,25617,18990,10763,29753,13428,39399,52827,9837,8196,18033,1271,2718,3989,59827,43605,103432,13963,13216,27179,368062,439175,1596,1.017821599,423930.13,265.6203822,0.7014,32.9029
Ankole,Kazo District,40,30,70,17971,14527,32498,19758,12027,31785,8279,6960,15239,5705,5008,10713,40,30,70,17925,14485,32410,116864,115054,231918,19663,11947,31610,5676,4981,10657,8254,6937,15191,40,29,69,17582,14152,31734,19314,11750,31064,5544,24754,30298,8110,6824,14934,201,738,939,51753,38552,90305,5745,5038,10783,177054,208898,1558,1.016676661,202101.052,129.7182619,0.3576,32.5571
Bunyoro,Kibaale District,40,25,65,5715,4187,9902,8340,5081,13421,3081,2637,5718,4837,4555,9392,27,14,41,5374,3930,9304,48910,50192,99102,7050,4286,11336,4348,4084,8432,2841,2446,5287,28,13,41,5176,3810,8986,7691,4267,11958,4296,13494,17790,2799,2379,5178,605,1821,2426,22013,16485,38498,4877,4580,9457,140947,237649,1153,1.053629727,214072.0462,185.6652612,0.8088,31.0335
North Central,Kiboga District,8,3,11,11234,9614,20848,15956,11957,27913,6491,5960,12451,6829,6819,13648,8,3,11,11149,9484,20633,93486,106490,199976,15824,11863,27687,6728,6701,13429,6289,5829,12118,8,3,11,11185,9217,20402,15458,11615,27073,6569,25928,32497,6119,5686,11805,223,703,926,40518,34353,74871,6837,6822,13659,148218,183255,1586,1.02144618,175640.5774,110.7443741,0.8658,31.9473
Bukedi,Kibuku District,23,14,37,38466,20760,59226,49529,12537,62066,30158,23841,53999,41573,37032,78605,23,14,37,38017,20473,58490,382262,384748,767010,49084,12272,61356,41071,36627,77698,29787,23496,53283,23,14,37,38331,20663,58994,49370,12345,61715,41394,98750,140144,30056,23730,53786,1950,4505,6455,159749,94184,253933,41596,37046,78642,202033,249441,484,1.021302871,239143.584,494.0983141,1.0453,33.7993
Kigezi,Kigezi,54,25,79,26683,23947,50630,39249,30558,69807,12663,11478,24141,13085,11670,24755,32,24,56,25675,23021,48696,195296,223616,418912,36776,29013,65789,12159,10890,23049,12027,10909,22936,21,13,34,24531,22318,46849,35323,28078,63401,11634,55338,66972,11550,10437,21987,374,1309,1683,91734,77678,169412,13139,11695,24834,1376774,1787231,4993,1.026435829,1696356.324,339.7469105,0.2667,31.6167
Bunyoro,Kikuube District,25,25,50,26944,17337,44281,32837,16865,49702,15900,13140,29040,27180,26223,53403,24,24,48,25991,16645,42636,250254,264084,514338,31783,16145,47928,26560,25949,52509,18688,12857,31545,23,37,60,25906,17011,42917,30986,15734,46720,26492,71222,97714,15571,12783,28354,1327,3374,4701,102886,73590,176476,27205,26248,53453,267455,379547,2098,1.035622516,353885.3585,168.6774826,1.2375,30.9876
Ankole,Kiruhura District,1,6,7,9921,10125,20046,11828,9409,21237,5167,5073,10240,4387,4316,8703,1,6,7,9775,10032,19807,77514,77594,155108,11366,8984,20350,4213,4146,8359,5094,4987,10081,1,6,7,9734,9996,19730,11279,8936,20215,4176,18798,22974,5069,4960,10029,186,671,857,31304,28929,60233,4388,4322,8710,151023,203502,3003,1.03027357,191718.2976,63.84225696,0.322,30.8039
Bunyoro,Kiryandongo District,69,33,102,18909,14961,33870,17032,7874,24906,10235,8361,18596,14136,13399,27535,62,24,86,18280,14592,32872,158178,137332,295510,15929,7342,23271,13560,12939,26499,10744,8064,18808,64,24,88,17988,14411,32399,15665,7327,22992,13279,34920,48199,9710,8021,17731,2649,3604,6253,60381,44628,105009,14205,13432,27637,266197,364872,3582,1.032033365,342572.9449,95.63733806,2.018,32.0837
Kigezi,Kisoro District,1,0,1,1622,1758,3380,3306,3334,6640,943,904,1847,1149,1080,2229,1,0,1,1566,1706,3272,14698,20576,35274,3148,3253,6401,1093,1025,2118,925,843,1768,1,0,1,1632,1661,3293,3038,3189,6227,1050,5801,6851,906,820,1726,6,53,59,7021,7076,14097,1150,1080,2230,281705,433662,690,1.044084579,397813.9477,576.5419532,1.1539,29.6499
Tooro,Kitagwenda District,25,19,44,8784,7235,16019,12738,7102,19840,4102,3527,7629,4338,3854,8192,24,18,42,8733,7191,15924,63574,70264,133838,12621,6859,19480,4263,3796,8059,4055,3496,7551,24,18,42,8723,7189,15912,12597,6960,19557,4260,16398,20658,4053,3501,7554,637,1094,1731,29987,21737,51724,4363,3873,8236,143786,184947,677,1.025493871,175865.7034,259.7720877,,
Acholi,Kitgum District,122,107,229,36172,21689,57861,33238,11528,44766,15754,12662,28416,20042,19239,39281,116,97,213,35295,21431,56726,249272,217684,466956,31272,11196,42468,19468,18643,38111,15557,12494,28051,115,97,212,34348,20880,55228,30593,10928,41521,19215,50721,69936,15314,12312,27626,1038,2048,3086,105328,65225,170553,20164,19346,39510,204048,239655,4391,1.016214565,232068.2161,52.85088046,3.3397,33.1689
West Nile,Koboko District,147,77,224,24358,13193,37551,27671,9987,37658,13634,10315,23949,17288,16074,33362,129,77,206,23418,12669,36087,187208,181076,368284,25913,9707,35620,16555,15247,31802,13071,9838,22909,129,78,207,22397,11970,34367,25151,9241,34392,15928,42765,58693,12479,9388,21867,1094,2663,3757,83098,49646,132744,17435,16151,33586,206495,271781,739,1.027852876,257251.0653,348.1069896,3.5237,31.0335
Lango,Kole District,26,14,40,21223,9991,31214,24421,7507,31928,9437,7029,16466,14151,12337,26488,26,14,40,21223,9970,31193,148374,149442,297816,24221,7506,31727,14151,12337,26488,9437,7029,16466,26,14,40,20829,9780,30609,23797,7359,31156,13894,35990,49884,9274,6909,16183,3066,6285,9351,69258,36878,106136,14177,12351,26528,239327,294301,1073,1.020892478,282378.5668,263.1673502,2.3031, 32.7633
Karamoja,Kotido District,40,37,77,9009,6230,15239,22015,12450,34465,6856,5741,12597,23103,21205,44308,35,34,69,8513,5997,14510,142968,172848,315816,20312,11173,31485,22393,20478,42871,6612,5386,11998,35,35,70,8502,5969,14471,20281,11493,31774,21980,57722,79702,6479,5339,11818,192,955,1147,61023,45663,106686,23143,21242,44385,181050,219734,3610,1.019553156,211386.63,58.55585318,3.0352, 34.0641
Teso,Kumi District,5,2,7,34629,21087,55716,43400,20674,64074,16085,13195,29280,17816,16842,34658,5,0,5,34510,21017,55527,238940,253288,492228,42809,20371,63180,17677,16722,34399,15984,13076,29060,5,0,5,34175,20781,54956,42537,20223,62760,19162,62038,81200,15854,12975,28829,1532,3146,4678,111935,71800,183735,17821,16844,34665,239268,286992,1005,1.018353399,276740.5225,275.3637039,1.4877,33.9304
Lango,Kwania District,24,15,39,17970,8772,26742,20622,7329,27951,8662,6653,15315,11870,10542,22412,24,14,38,17863,8753,26616,128762,130926,259688,20441,7310,27751,11838,10539,22377,8653,6644,15297,24,14,38,16535,8011,24546,18775,6554,25329,11065,29468,40533,7962,6142,14104,1186,2018,3204,59148,33311,92459,11894,10557,22451,183304,216125,1223,1.016607493,209121.3594,170.990482,1.9033,32.7633
Bugisu,Kween District,0,0,0,2465,2605,5070,4935,3677,8612,1129,1084,2213,1053,1022,2075,0,0,0,2310,2466,4776,18128,23724,41852,4499,3415,7914,954,925,1879,1058,1011,2069,0,0,0,2204,2384,4588,4360,3364,7724,918,5608,6526,1004,981,1985,74,132,206,9582,8388,17970,1053,1022,2075,93667,129277,851,1.032745867,121208.851,142.4310823,1.4126,34.5528
North Central,Kyankwanzi District,92,16,108,9003,6124,15127,13040,6439,19479,5403,4422,9825,6746,6175,12921,90,15,105,8596,5885,14481,74664,80550,155214,12165,6115,18280,6461,5963,12424,5149,4252,9401,90,80,170,7836,5370,13206,11016,5524,16540,5864,17869,23733,4711,3837,8548,498,1757,2255,34284,23176,57460,6838,6191,13029,214693,278432,2455,1.026337332,264325.3978,107.6681865,1.2061,31.8164
Tooro,Kyegegwa District,271,204,475,20103,14559,34662,34387,17466,51853,11851,9817,21668,13421,12436,25857,258,184,442,19658,14217,33875,163684,191580,355264,32574,16345,48919,13184,12049,25233,11466,9729,21195,259,184,443,19273,15325,34598,31720,15922,47642,12805,44396,57201,11301,9471,20772,981,2682,3663,80033,54482,134515,13692,12640,26332,281637,501120,1882,1.059315197,446571.8369,237.2857794,0.4818,31.055
Tooro,Kyenjojo District,45,29,74,24289,18136,42425,32139,20553,52692,11951,10357,22308,14294,13775,28069,42,30,72,22654,16926,39580,180058,186622,366680,28720,17599,46319,13238,12757,25995,11268,9655,20923,43,31,74,22556,16900,39456,28676,17605,46281,13224,45806,59030,11193,9629,20822,670,1558,2228,82718,62850,145568,14339,13804,28143,422204,543998,2352,1.025669629,517109.2556,219.8593774,0.6093,30.6401
South Central,Kyotera District,12,13,25,23013,20961,43974,24693,16515,41208,13196,11816,25012,10038,9569,19607,12,13,25,23013,20961,43974,177236,171704,348940,24693,16515,41208,10040,9569,19609,13196,11814,25010,12,13,25,23013,20961,43974,24693,16516,41209,10040,38953,48993,13196,11814,25010,346,1097,1443,70952,58874,129826,10050,9582,19632,239563,275917,1723,1.014228644,268229.6087,155.6759192,0.6359,31.5456
Acholi,Lamwo District,118,112,230,52193,41354,93547,35126,12565,47691,23612,21267,44879,23887,23659,47546,117,108,225,50317,39778,90095,365490,271142,636632,33966,12049,46015,23136,22833,45969,22847,20515,43362,117,108,225,50466,39919,90385,34189,12304,46493,23224,60342,83566,22940,20608,43548,984,2237,3221,134936,98957,233893,24005,23771,47776,134371,213156,5588,1.047223071,194365.4908,34.78265762,3.491,32.808
Lango,Lango,583,552,1135,239882,122152,362034,285823,95366,381189,114644,87347,201991,150079,136089,286168,578,546,1124,238544,121474,360018,1698602,1727960,3426562,283099,94396,377495,149027,135308,284335,114113,86917,201030,580,540,1120,234463,119423,353886,278162,92308,370470,146745,398492,545237,112274,85480,197754,15777,30407,46184,791011,441506,1232517,150662,136641,287303,2061694,2546118,12856,1.021328455,2440886.937,189.8636385,,
Lango,Lira City,35,34,69,8678,5154,13832,15592,6927,22519,4571,3759,8330,7376,7003,14379,33,34,67,8526,5045,13571,72694,88062,160756,15249,6778,22027,7067,6786,13853,4462,3634,8096,26,29,55,7981,4715,12696,14271,6236,20507,6643,20356,26999,4260,3457,7717,293,948,1241,36252,22877,59129,7411,7037,14448,207482,245132,285,1.016815033,237091.5588,831.9002063,2.2596,32.8903
Lango,Lira District,2,5,7,13095,6722,19817,19598,6145,25743,7066,5253,12319,9752,8554,18306,2,5,7,13010,6700,19710,100684,112042,212726,19387,6106,25493,9709,8531,18240,7042,5239,12281,2,5,7,12958,6675,19633,19301,6061,25362,9681,26160,35841,7015,5222,12237,754,1111,1865,49513,26679,76192,9754,8559,18313,200561,242216,1046,1.01905033,233244.5794,222.9871696,2.2316,32.9438
Busoga,Luuka District,29,32,61,24874,12844,37718,39605,14877,54482,16688,11974,28662,25515,20970,46485,28,31,59,24780,12773,37553,225518,257762,483280,39415,14739,54154,25331,20780,46111,16635,11922,28557,28,31,59,24427,12554,36981,38909,14518,53427,24751,67055,91806,16401,11750,28151,2150,5413,7563,106711,60697,167408,25544,21002,46546,238020,298639,650,1.02294741,285390.7602,439.062708,0.7251,33.3037
North Central,Luwero District,214,142,356,27548,25506,53054,32972,20267,53239,16291,15528,31819,15974,15719,31693,199,136,335,26589,23819,50408,228510,223628,452138,31108,19751,50859,15069,14715,29784,15772,15080,30852,192,127,319,26191,23397,49588,31850,19292,51142,14880,51713,66593,15482,15606,31088,3636,2655,6291,92999,77162,170161,16188,15861,32049,456958,616242,2216,1.030356466,580465.3395,261.9428428,0.8271, 32.6277
South Central,Lwengo District,50,31,81,15560,12995,28555,16129,8680,24809,8732,7573,16305,7754,7272,15026,32,23,55,14922,12530,27452,117676,102728,220404,14324,7648,21972,7117,6630,13747,8343,7247,15590,32,23,55,14715,12256,26971,13889,7429,21318,6941,22821,29762,8119,7040,15159,383,1128,1511,48225,36551,84776,7804,7303,15107,262604,325263,988,1.021629283,311636.2703,315.4213262,0.4165,31.3999
South Central,Lyantonde District,21,9,30,7881,6778,14659,9178,5938,15116,4011,3749,7760,5411,2858,8269,19,9,28,7867,6760,14627,61368,57306,118674,9125,5904,15029,3009,2836,5845,4007,3746,7753,18,8,26,7646,6602,14248,8915,5776,14691,2921,12749,15670,3924,3666,7590,170,415,585,26502,19332,45834,5432,2867,8299,93753,133017,887,1.035600371,124028.8605,139.829606,0.2241,31.2168
West Nile,Madi-Okollo District,29,22,51,27089,17943,45032,27088,8405,35493,14879,11977,26856,16984,16772,33756,28,22,50,26921,17851,44772,210868,192578,403446,27749,8332,36081,16892,16681,33573,14697,11888,26585,28,22,50,28287,17935,46222,27187,8430,35617,16940,43827,60767,14881,11976,26857,1123,2377,3500,86069,55119,141188,17013,16794,33807,140188,178051,2048,1.024196666,169737.4611,82.87961966,2.8218,31.2168
Bugisu,Manafwa District,2,2,4,7426,5731,13157,12106,8002,20108,5490,5066,10556,9139,7911,17050,18,2,20,7307,5595,12902,81056,92888,173944,11755,7659,19414,8974,7773,16747,5384,4895,10279,2,2,4,7097,5398,12495,11428,7357,18785,8678,25727,34405,5142,4602,9744,896,1459,2355,34163,26712,60875,9141,7913,17054,149544,186917,237,1.022558071,178761.0267,754.2659352,,
West Nile,Maracha District,2,3,5,31883,18068,49951,32149,9970,42119,18232,13341,31573,15428,13973,29401,2,4,6,31762,18022,49784,221528,205080,426608,31905,9924,41829,15272,13933,29205,18202,13299,31501,2,3,5,31149,17661,48810,31789,9726,41515,15056,41547,56603,17842,13025,30867,1816,4033,5849,97694,55355,153049,15430,13976,29406,186134,234712,440,1.023460199,224074.9857,509.2613311,3.2873,30.9403
South Central,Masaka City,8,3,11,4573,4652,9225,6993,5366,12359,2809,2613,5422,2669,2620,5289,8,3,11,4523,4594,9117,39678,44416,84094,6567,5190,11757,2584,2497,5081,2767,2592,5359,8,3,11,4510,4587,9097,6604,5210,11814,2577,10958,13535,2747,2579,5326,150,523,673,17052,15254,32306,2677,2623,5300,211591,294166,340,1.033497733,275406.0131,810.0176857,0.3427,31.7369
South Central,Masaka District,4,5,9,4425,4166,8591,4590,3225,7815,2250,2202,4452,1755,1723,3478,4,5,9,4432,4200,8632,33142,31590,64732,4611,3202,7813,1764,1708,3472,2296,2205,4501,4,5,9,4427,4194,8621,4611,3202,7813,1756,7176,8932,2304,2202,4506,73,293,366,13024,11321,24345,1759,1728,3487,106626,115455,855,1.007987074,113632.5676,132.9035878,0.4464,31.9018
Bunyoro,Masindi District,10,12,22,12737,9900,22637,15627,10695,26322,7706,6837,14543,9695,9251,18946,7,11,18,11768,9102,20870,108754,107998,216752,14052,9282,23334,8861,8236,17097,7209,6341,13550,7,11,18,12062,9435,21497,14589,9420,24009,9411,29403,38814,7438,6594,14032,446,956,1402,45775,36695,82470,9705,9263,18968,291113,342635,3891,1.016428918,331648.2416,85.23470615,1.6873,31.7138
Busoga,Mayuge District,40,12,52,26674,13696,40370,48146,18442,66588,17235,12945,30180,24491,21347,45838,40,11,51,26500,13615,40115,232368,283192,515560,47538,18298,65836,24361,21202,45563,17190,12957,30147,39,11,50,26165,13769,39934,46965,17950,64915,24188,69107,93295,17209,12788,29997,2508,4918,7426,116586,66442,183028,24531,21359,45890,473239,577563,1075,1.020121459,555003.3397,516.2821764,0.3125,33.528
Bugisu,Mbale City,44,29,73,12691,12028,24719,28047,14528,42575,6915,5856,12771,10262,8837,19099,38,71,109,12101,7695,19796,103550,145548,249098,25740,13489,39229,9884,8575,18459,6494,8522,15016,48,22,70,12086,7714,19800,25592,13510,39102,9785,34836,44621,6426,5640,12066,652,1446,2098,57959,41278,99237,10306,8866,19172,266617,290414,156,1.008586083,285490.4639,1830.067076,1.0871,34.1781
Bugisu,Mbale District,60,24,84,14132,9460,23592,21724,10665,32389,8240,6543,14783,12161,10291,22452,48,17,65,13857,9273,23130,120860,136838,257698,21383,10472,31855,11911,10070,21981,8065,6452,14517,49,17,66,13654,9177,22831,21104,10377,31481,11804,35494,47298,7949,9139,17088,821,1592,2413,56317,36983,93300,12221,10315,22536,222343,290356,360,1.027047984,275263.949,764.6220806,1.0344,34.1977
Ankole,Mbarara City,9,5,14,1426,1239,2665,3467,3011,6478,830,755,1585,934,1013,1947,1,2,3,1191,1046,2237,11544,16838,28382,2874,2557,5431,812,861,1673,692,620,1312,1,2,3,1103,972,2075,2613,2400,5013,765,4249,5014,642,584,1226,35,150,185,6666,6023,12689,943,1018,1961,199066,264425,471,1.028799021,249828.1824,530.4207695,0.6121, 30.6373
Ankole,Mbarara District,17,9,26,3016,3020,6036,4327,2744,7071,1496,1372,2868,1474,1366,2840,13,2,15,2852,2874,5726,22898,23516,46414,3863,2519,6382,1371,1263,2634,1431,1306,2737,3,2,5,2708,2693,5401,3680,2416,6096,1288,5424,6712,1362,1241,2603,32,145,177,10330,8511,18841,1491,1375,2866,145838,174039,773,1.017835486,167993.0842,217.3261115,0.6121,30.6373
Ankole,Mitooma District,2,2,4,5571,4506,10077,9227,5219,14446,2805,2551,5356,2941,2334,5275,2,2,4,5171,4210,9381,40032,44244,84276,7920,4576,12496,2566,2088,4654,2607,2361,4968,2,2,4,5158,4196,9354,7865,4551,12416,2559,10271,12830,2591,2342,4933,95,472,567,20546,14612,35158,2943,2336,5279,183444,226009,544,1.021085766,216771.054,398.4762022,0.6193,30.0203
North Central,Mityana District,41,20,61,25199,22196,47395,36693,23946,60639,15019,13701,28720,14765,13870,28635,15,13,28,21465,18923,40388,195542,199876,395418,30385,19831,50216,12844,12028,24872,12911,11908,24819,18,13,31,24513,21696,46209,35605,22857,58462,14393,54381,68774,14687,13399,28086,591,1857,2448,91717,73733,165450,14806,13890,28696,328964,407386,1525,1.021611499,390332.3578,255.9556444,0.4016,32.044
Karamoja,Moroto District,75,102,177,6411,4697,11108,8331,4748,13079,4607,4077,8684,9755,9174,18929,75,102,177,6221,4566,10787,77154,78320,155474,7892,4453,12345,9599,8961,18560,4278,3800,8078,75,102,177,6090,4472,10562,7715,4363,12078,9354,24004,33358,4149,3663,7812,197,709,906,29179,22798,51977,9830,9276,19106,103432,103639,3533,1.000199951,103597.5669,29.3228324,2.7495,34.5971
West Nile,Moyo District,71,105,176,23568,18465,42033,19495,8401,27896,12971,11226,24197,13105,13009,26114,71,102,173,21446,16607,38053,177074,142024,319098,17247,7515,24762,12248,12048,24296,11684,10098,21782,71,101,172,23883,17989,41872,18535,8095,26630,12672,34800,47472,12665,16969,29634,276,1046,1322,69210,51206,120416,13176,13114,26290,95951,109572,1072,1.013362919,106701.266,99.53476302,3.636,31.7651
South Central,Mpigi District,24,12,36,7310,6616,13926,11213,8719,19932,3890,3543,7433,3927,4000,7927,19,12,31,6977,6416,13393,57568,67620,125188,10855,8064,18919,3785,3847,7632,3769,3461,7230,18,11,29,6686,6145,12831,10562,7835,18397,3781,16448,20229,3619,3320,6939,160,692,852,26364,22890,49254,3951,4012,7963,250548,326690,1204,1.026891337,309803.8859,257.3121976,0.2274,32.3249
North Central,Mubende District,9,10,19,13589,10573,24162,22380,17089,39469,6827,6013,12840,7140,6559,13699,8,10,18,13189,10229,23418,99950,127166,227116,21654,16429,38083,6861,6247,13108,6584,5780,12364,8,20,28,12952,10118,23070,21248,16398,37646,6878,31899,38777,6666,5762,12428,850,1813,2663,49945,40244,90189,7149,6569,13718,412804,522015,2711,1.023749985,498075.4837,183.7238966,0.449,31.3542
North Central,Mukono District,132,115,247,22252,18930,41182,36086,21767,57853,14127,12856,26983,14127,13701,27828,107,100,207,21558,18450,40008,190052,212732,402784,33572,20403,53975,13267,12992,26259,13593,12333,25926,107,99,206,21254,18145,39399,32826,19991,52817,12998,48499,61497,13352,12128,25480,877,3222,4099,86724,67369,154093,14259,13816,28075,596804,929224,1831,1.045270922,850477.2084,464.4878255,0.2835, 32.7633
Karamoja,Nabilatuk District,3,8,11,3578,1826,5404,5296,1913,7209,2681,2225,4906,10475,8952,19427,3,8,11,3574,1819,5393,59474,63112,122586,5294,1891,7185,10475,8950,19425,2680,2255,4935,3,8,11,3574,1819,5393,5294,1891,7185,10474,23613,34087,2681,2255,4936,250,750,1000,22033,14924,36957,10478,8960,19438,68409,136785,1561,1.071747609,119084.0039,76.286998,2.091,34.5971
Karamoja,Nakapiripirit District,71,73,144,5130,3503,8633,9744,7677,17421,3679,3139,6818,12408,11731,24139,12,16,28,4739,3347,8086,78142,86938,165080,7794,6762,14556,11506,10910,22416,3489,2981,6470,13,14,27,4702,3337,8039,7716,6769,14485,11459,30940,42399,3472,2981,6453,267,649,916,31032,26123,57155,12479,11804,24283,88281,111681,2641,1.023790759,106550.8415,40.34488508,1.7013,34.5971
North Central,Nakaseke District,9,5,14,9863,8532,18395,14823,12555,27378,5583,5268,10851,5729,5760,11489,5,2,7,9103,7859,16962,78618,87854,166472,12960,10640,23600,5158,5048,10206,5225,4889,10114,5,2,7,8866,7701,16567,12871,10747,23618,5005,22383,27388,5068,4858,9926,245,871,1116,36007,32120,68127,5738,5765,11503,197373,251398,3475,1.024489255,239522.879,68.92744719,1.2231,32.0837
North Central,Nakasongola District,46,30,76,17194,13573,30767,17477,11438,28915,11134,9875,21009,12646,12331,24977,49,35,84,16594,13075,29669,151478,145268,296746,16697,10973,27670,12212,11914,24126,10946,9807,20753,50,35,85,16443,13023,29466,16884,11010,27894,12168,36846,49014,10877,9709,20586,559,1721,2280,58497,47247,105744,12692,12361,25053,181795,226074,3314,1.022037588,216429.7121,65.30769827,1.349,32.4467
Busoga,Namayingo District,49,43,92,20650,12778,33428,33357,16806,50163,14430,11623,26053,25199,22239,47438,49,43,92,20308,12520,32828,212822,245068,457890,33037,16706,49743,24915,22061,46976,14280,11446,25726,48,41,89,19661,12157,31818,32897,16223,49120,24557,68804,93361,13771,11199,24970,1934,3639,5573,93685,63489,157174,25248,22282,47530,215443,266716,587,1.021578321,255567.5638,435.3791547,0.3426,33.8411
Bugisu,Namisindwa District,1,1,2,6906,4855,11761,11200,5959,17159,3993,3265,7258,5863,5133,10996,1,1,2,6653,4704,11357,59226,67136,126362,10491,5627,16118,5529,4868,10397,3846,3205,7051,1,1,2,6540,4543,11083,10302,5538,15840,5446,16944,22390,3764,3098,6862,1023,1449,2472,27963,19213,47176,5864,5134,10998,204281,257346,298,1.023361195,245730.7651,824.5998829,0.9054,34.3754
Busoga,Namutumba District,20,22,42,19737,11934,31671,32383,14373,46756,16444,13273,29717,23783,20955,44738,20,22,42,19509,11864,31373,211740,239784,451524,31925,14260,46185,23479,20722,44201,16299,13167,29466,20,20,40,18700,11373,30073,30018,13715,43733,22713,61751,84464,15674,14094,29768,982,2802,3784,92367,60557,152924,23803,20977,44780,252557,311339,812,1.021144992,298578.6176,367.7076571,0.8493,33.6623
Karamoja,Napak District,19,11,30,7280,4750,12030,11809,4376,16185,6230,4903,11133,14840,12874,27714,19,11,30,7139,4672,11811,101376,107942,209318,11359,4249,15608,14621,12701,27322,6176,4835,11011,19,11,30,7064,4631,11695,11303,4233,15536,14530,34444,48974,6131,4797,10928,650,1103,1753,40178,26914,67092,14859,12885,27744,142224,211830,4822,1.040642258,195607.0713,40.56554776,2.4265,34.331
West Nile,Nebbi District,24,16,40,29598,16804,46402,37878,15297,53175,15168,12719,27887,23007,22433,45440,24,16,40,29408,16727,46135,239004,252840,491844,37592,15236,52828,22877,22377,45254,15102,13196,28298,24,16,40,29110,16505,45615,36817,14641,51458,22616,62200,84816,14947,12181,27128,1341,2392,3733,105675,67269,172944,23031,22449,45480,238757,299398,987,1.022890813,286147.7521,289.9166688,2.4104,31.2168
Teso,Ngora District,8,3,11,15994,9847,25841,23139,10554,33693,8267,6194,14461,7859,6664,14523,8,3,11,15878,9797,25675,109340,124960,234300,23084,10490,33574,7859,6575,14434,8267,6194,14461,8,3,11,15764,9689,25453,22633,10258,32891,7642,26939,34581,8192,6140,14332,1366,2835,4201,55267,33262,88529,7867,6667,14534,141919,213777,640,1.041818448,196959.4809,307.7491889,1.4908,33.7518
North Central,North Central,741,469,1210,186148,152005,338153,261866,169995,431861,114061,101651,215712,125049,119096,244145,641,429,1070,177383,143955,321338,1564530,1685620,3250150,244529,159298,403827,118679,112928,231607,108946,97297,206243,640,493,1133,177362,148087,325449,246532,160068,406600,118163,416693,534856,108865,97964,206829,10801,23067,33868,687865,543216,1231081,125790,119565,245355,,,,#DIV/0!,#DIV/0!,#DIV/0!,,
Tooro,Ntoroko District,1,4,5,2750,2094,4844,3486,1888,5374,1750,1536,3286,1985,1790,3775,1,4,5,2736,2075,4811,23754,24720,48474,3468,1872,5340,1966,1778,3744,1739,1532,3271,1,4,5,2580,1967,4547,3353,1811,5164,1902,5815,7717,1671,1456,3127,54,139,193,9972,7312,17284,1986,1794,3780,67005,114858,1236,1.055371602,103121.7898,83.43186877,1.0125,30.3897
Ankole,Ntungamo District,24,14,38,13738,12422,26160,18986,12006,30992,6134,5448,11582,5245,4737,9982,22,13,35,12875,11831,24706,92610,96550,189160,17161,11235,28396,4707,4292,8999,5721,5124,10845,22,13,35,12591,11548,24139,16851,11022,27873,4616,21960,26576,5611,5031,10642,168,568,736,44127,34627,78754,5269,4751,10020,483841,552786,1999,1.013410587,538252.6315,269.2609462,0.9807,30.2513
Acholi,Nwoya District,43,29,72,21329,11642,32971,28992,10347,39339,12177,9586,21763,17593,17039,34632,35,22,57,20861,11426,32287,177478,185496,362974,27801,9992,37793,17128,16441,33569,11928,9401,21329,35,22,57,20653,11275,31928,27536,9713,37249,16964,44904,61868,11779,9227,21006,961,2263,3224,80134,48643,128777,17636,17068,34704,133506,220593,4679,1.051499558,199514.0747,42.64032373,2.6351,32.0028
West Nile,Obongi District,182,139,321,27732,18316,46048,18564,6591,25155,12295,10271,22566,14871,14695,29566,183,142,325,26061,16885,42946,190806,142664,333470,16263,5879,22142,13842,13739,27581,11596,9691,21287,183,139,322,25711,17066,42777,17272,5959,23231,14115,35245,49360,11418,9898,21316,3581,920,4501,73644,50012,123656,15053,14834,29887,43061,142983,837,1.127509032,112471.9814,134.3751272,3.4335,31.5827
Acholi,Omoro District,32,31,63,32008,16227,48235,32259,8887,41146,15104,12161,27265,22107,18820,40927,32,30,62,31745,16099,47844,232196,216416,448612,31830,8806,40636,21877,18646,40523,14976,12011,26987,32,30,62,33513,16034,49547,31714,8732,40446,21791,53384,75175,14968,12083,27051,1446,2492,3938,101510,56126,157636,22139,18851,40990,142875,207339,1483,1.037940541,192458.0355,129.7761534,2.7152,32.492
Lango,Otuke District,6,10,16,20932,10705,31637,24097,6498,30595,11241,8075,19316,12865,11644,24509,6,9,15,20868,10683,31551,150782,148190,298972,23937,6456,30393,12809,11598,24407,11218,8062,19280,6,9,15,20675,10557,31232,23674,6360,30034,12689,32782,45471,11100,7903,19003,546,1385,1931,69141,36932,106073,12871,11654,24525,104254,161069,1549,1.044460267,147648.1859,95.31838986,2.5214,33.3486
Lango,Oyam District,374,365,739,41437,19199,60636,52122,18393,70515,17057,12821,29878,24524,22875,47399,374,365,739,41210,19113,60323,276678,295284,571962,51625,18301,69926,24426,22774,47200,16988,12780,29768,384,364,748,40123,18598,58721,50412,17931,68343,23926,67889,91815,16608,12472,29080,4905,8306,13211,135514,73653,209167,24898,23240,48138,383644,477464,2196,1.022118437,457023.1378,208.116183,2.2776,32.4467
Acholi,Pader District,31,30,61,54219,31078,85297,50196,15587,65783,24720,19438,44158,28280,25783,54063,28,28,56,53326,30584,83910,364374,321310,685684,48916,15133,64049,27836,25384,53220,24232,19099,43331,27,28,55,52188,30135,82323,48203,14753,62956,27207,71556,98763,23847,18779,42626,1536,3534,5070,157446,91916,249362,28311,25813,54124,178004,240159,3326,1.030402516,226196.065,68.00843807,2.9431,32.8084
West Nile,Pakwach District,21,25,46,22574,11574,34148,20090,9304,29394,11529,9343,20872,15899,15085,30984,21,25,46,22302,11469,33771,171346,161008,332354,19857,9211,29068,15771,14968,30739,11387,9264,20651,21,25,46,22302,11447,33749,19784,9192,28976,15618,42102,57720,11547,9243,20790,1282,2198,3480,70113,45331,115444,15920,15110,31030,158037,206961,877,1.027337104,196093.2149,223.595456,2.4738,31.3999
Bukedi,Pallisa District,237,202,439,28905,15169,44074,34213,10579,44792,18243,14065,32308,22289,19831,42120,237,201,438,28819,15127,43946,237624,238472,476096,34135,10436,44571,22275,19718,41993,18179,14057,32236,236,200,436,28469,14862,43331,33744,10368,44112,22046,56938,78984,17914,13897,31811,1805,3745,5550,103887,59846,163733,22526,20033,42559,275128,334697,796,1.01979224,321831.3996,404.3108035,1.2009,33.7071
South Central,Rakai District,27,28,55,34506,27284,61790,32591,18299,50890,17961,15490,33451,13910,12982,26892,27,28,55,34304,27403,61707,244210,221270,465480,32266,18073,50339,13867,12990,26857,17915,15469,33384,27,28,55,33981,26854,60835,31915,17936,49851,13743,48294,62037,17739,15302,33041,399,1230,1629,98995,74083,173078,13937,13010,26947,276746,346885,1528,1.02284639,331561.9513,216.9908058,0.7083,31.3542
Kigezi,Rubanda District,0,0,0,278,487,765,915,1956,2871,99,107,206,150,151,301,0,0,0,263,477,740,2494,6572,9066,865,1932,2797,147,143,290,94,105,199,0,0,0,248,468,716,844,1890,2734,139,2407,2546,91,98,189,9,35,44,1442,2701,4143,150,151,301,196896,249454,660,1.023942002,237924.8239,360.4921574,1.1517,29.8352
Ankole,Rubirizi District,7,3,10,6203,5460,11663,8744,5201,13945,2989,2718,5707,2516,2391,4907,6,3,9,6230,5487,11717,44680,48958,93638,8669,5169,13838,2521,2387,4908,2994,2730,5724,6,3,9,6225,5486,11711,8663,5159,13822,2519,10822,13341,2992,2730,5722,45,141,186,20459,15773,36232,2523,2394,4917,129149,168211,1096,1.026777479,159551.8057,145.5764651,0.2642,30.1084
Kigezi,Rukiga District,1,0,1,1432,1296,2728,1888,1438,3326,693,662,1355,653,586,1239,1,0,1,1410,1283,2693,10576,11586,22162,1840,1398,3238,647,576,1223,678,653,1331,1,0,1,1278,1165,2443,1675,1276,2951,594,2622,3216,615,599,1214,10,50,60,4667,3982,8649,654,586,1240,100726,132355,426,1.027684666,125320.0615,294.1785482,1.1326,30.0434
Kigezi,Rukungiri District,20,4,24,9766,8704,18470,13313,9567,22880,4452,4191,8643,4370,4042,8412,10,3,13,9625,8559,18184,70504,77540,148044,12950,9301,22251,4202,3906,8108,4331,4067,8398,10,3,13,8914,8285,17199,12244,8870,21114,3948,18103,22051,4079,3822,7901,107,498,605,31921,26508,58429,4390,4046,8436,314694,376110,1381,1.017987961,362935.6227,262.8063886,0.7518,29.9278
Ankole,Rwampara District,0,0,0,736,776,1512,1851,1242,3093,333,266,599,310,281,591,0,0,0,689,748,1437,5254,8138,13392,1752,1187,2939,294,273,567,309,254,563,0,0,0,660,724,1384,1678,1133,2811,287,1813,2100,301,247,548,20,67,87,3230,2565,5795,310,281,591,127725,162967,542,1.024666118,155215.4395,286.3753496,0.7476,30.482
South Central,Sembabule District,4,4,8,12149,9672,21821,19652,12655,32307,7039,6126,13165,7345,6558,13903,4,4,8,11753,9365,21118,96388,114528,210916,18960,12214,31174,7062,6314,13376,6786,5920,12706,4,4,8,11824,9381,21205,19261,12392,31653,7165,28941,36106,6821,5927,12748,434,1410,1844,46189,35015,81204,7349,6562,13911,252597,305971,2317,1.019354414,294462.402,127.0877868,0.0638,31.3542
Teso,Serere District,38,42,80,29522,16135,45657,24644,7470,32114,14071,11806,25877,12158,11639,23797,38,42,80,29399,16180,45579,190666,162180,352846,24290,7384,31674,12038,11522,23560,14004,11772,25776,38,42,80,28028,15479,43507,23347,7130,30477,11572,31516,43088,13342,11310,24652,1100,2124,3224,80433,47092,127525,12196,11681,23877,285903,358123,1495,1.022777935,342349.3547,228.9962239,1.4994,33.549
Ankole,Sheema District,0,0,0,856,849,1705,1519,1224,2743,350,364,714,397,313,710,0,0,0,817,841,1658,6164,7762,13926,1405,1148,2553,364,288,652,332,344,676,0,0,0,817,841,1658,1405,1147,2552,364,2068,2432,332,343,675,1,28,29,3122,2750,5872,397,313,710,207343,252275,327,1.019808162,242570.089,741.8045534,0.5515,30.3897
Bugisu,Sironko District,2,10,12,11950,8040,19990,20819,11510,32329,6076,4945,11021,7192,6036,13228,2,7,9,11436,7683,19119,86754,105762,192516,19269,10611,29880,6782,5623,12405,5831,4754,10585,3,8,11,10844,7300,18144,18422,10187,28609,6450,24455,30905,5572,4515,10087,573,1327,1900,46039,30541,76580,7194,6046,13240,242421,298363,383,1.020980559,286226.6186,747.3279858,1.2302,34.2491
Teso,Soroti City,36,27,63,14985,7622,22607,25420,10322,35742,5504,4707,10211,7118,6982,14100,33,24,57,14457,7283,21740,92216,109788,202004,23632,9015,32647,6523,6217,12740,5120,4336,9456,32,19,51,13811,7232,21043,24176,8706,32882,6360,22674,29034,4948,4202,9150,1182,2853,4035,53063,29660,82723,7154,7009,14163,98501,134199,205,1.031408875,126150.0862,615.3662742,,
Teso,Soroti District,29,23,52,25529,12101,37630,27622,7729,35351,10868,8505,19373,11199,10249,21448,29,23,52,25629,12081,37710,157166,152626,309792,27722,7720,35442,11199,10249,21448,10868,8504,19372,29,22,51,24919,11793,36712,27379,7541,34920,10827,30490,41317,10550,8320,18870,1799,4416,6215,75247,38607,113854,11228,10272,21500,198332,266189,1034,1.029863654,250975.1035,242.7225373,1.7229,33.528
South Central,South Central,1339,733,2072,192865,165274,358139,259725,171811,431536,112849,102941,215790,113146,103660,216806,725,486,1211,178463,156663,335126,1537866,1494992,3032858,224150,146990,371140,91774,86491,178265,102124,94817,196941,705,445,1150,178284,154458,332742,224357,147515,371872,91528,352389,443917,101700,94130,195830,3810,13930,17740,679924,544419,1224343,114485,104393,218878,,,,#DIV/0!,#DIV/0!,#DIV/0!,,
West Nile,Terego District,60,84,144,71062,31823,102885,49469,17145,66614,26526,21095,47621,32834,29734,62568,51,80,131,47157,30372,77529,375698,323572,699270,43254,15577,58831,29884,27594,57478,25160,20188,45348,50,79,129,46907,30141,77048,42628,15321,57949,30098,77823,107921,25021,20023,45044,1568,3905,5473,179951,99881,279832,32894,29818,62712,199303,323253,1200,1.049549371,293451.8275,244.5431896,3.171,31.1252
Teso,Teso,309,239,548,254449,141456,395905,288385,244730,533115,120967,94805,215772,123694,113279,236973,296,224,520,252422,140072,392494,1691518,1675720,3367238,283545,106386,389931,122164,111453,233617,119946,93863,213809,287,216,503,256629,138147,394776,280899,104917,385816,121726,366463,488189,118059,92509,210568,12405,27876,40281,787804,594509,1382313,124003,113518,237521,1819708,2462387,11650,1.030707558,2317850.328,198.9571097,1.7159,33.6111
Tooro,Tooro,559,421,980,169824,125534,295358,254696,146304,401000,88224,73119,161343,101940,94186,196126,513,376,889,161822,120635,282457,1281630,1427850,2709480,234098,136567,370665,97462,89743,187205,84850,70279,155129,522,404,926,160522,121400,281922,232771,135941,368712,97394,346695,444089,84161,70261,154422,5044,11860,16904,615243,439564,1054807,102499,94607,197106,1587531,2154161,8383,1.03099271,2026595.015,241.7505684,0.3886,30.3436
Bukedi,Tororo District,71,45,116,66397,41640,108037,78921,29027,107948,46064,38475,84539,55333,48024,103357,77,43,120,61339,37755,99094,574220,584802,1159022,74758,27162,101920,67345,45265,112610,42597,35161,77758,70,43,113,64710,39984,104694,76210,28353,104563,52526,137927,190453,44885,36990,81875,2101,4111,6212,246786,157211,403997,55404,48069,103473,1881415,2372489,4504,1.023462561,2264958.695,502.8771526,0.3886,30.3436
South Central,Wakiso District,1150,596,1746,47826,39707,87533,98081,67855,165936,32887,30113,63000,43163,37670,80833,561,358,919,36163,30495,66658,422820,426186,849006,68089,46954,115043,26165,23960,50125,23745,23328,47073,534,318,852,36756,32165,68921,67977,47817,115794,26133,105870,132003,23866,23261,47127,968,4358,5326,223107,175941,399048,44313,38266,82579,1997418,3411177,1884,1.054978307,3064906.256,1626.807992,0.063,32.4467
West Nile,West Nile,957,747,1704,452703,276795,729498,445298,168294,613592,227446,184432,411878,294750,278283,573033,881,714,1595,419260,268080,687340,3347692,3091668,6439360,414135,161478,575613,285638,282589,568227,220562,179855,400417,870,707,1577,616509,268822,885331,411392,160809,572201,284493,758645,1043138,219769,184322,404091,17432,32150,49582,1421154,908551,2329705,295707,279030,574737,2296403,3316255,10757,1.037432815,3081257.228,286.4420589,,
West Nile,Yumbe District,141,30,171,80742,51733,132475,81911,28666,110577,42423,34129,76552,66584,63228,129812,112,22,134,79821,50961,130782,674560,627754,1302314,79949,28167,108116,66095,62873,128968,42230,34430,76660,111,22,133,270263,52136,322399,79300,27956,107256,65902,166327,232229,41913,34203,76116,2029,4263,6292,271801,177786,449587,66725,63258,129983,484822,945100,2323,1.069029142,826986.9841,355.9995627,3.4698,31.2483
West Nile,Zombo District,19,22,41,22421,13545,35966,25914,11059,36973,11123,9461,20584,21108,19263,40371,11,9,20,21587,13186,34773,191496,206640,398136,24885,10430,35315,19994,28160,48154,10727,9108,19835,8,8,16,20893,12778,33671,23766,10204,33970,19365,50347,69712,10297,8699,18996,640,1234,,80585,53350,133935,21127,19285,40412,240081,312621,939,1.02675313,296541.9074,315.8060781,2.4882,30.8499
